{
    "apis": [],
    "fields": [
        {
            "name": "caption_ids",
            "type": "list<string>"
        },
        {
            "name": "id",
            "type": "string"
        },
        {
            "name": "source_image_url",
            "type": "string"
        },
        {
            "name": "tag",
            "type": "string"
        },
        {
            "name": "thumbnail_hash",
            "type": "string"
        },
        {
            "name": "thumbnail_source",
            "type": "string"
        },
        {
            "name": "thumbnail_url",
            "type": "string"
        },
        {
            "name": "url",
            "type": "string"
        },
        {
            "name": "url_tags",
            "type": "string"
        },
        {
            "name": "video_id",
            "type": "string"
        },
        {
            "name": "video_name",
            "type": "string"
        }
    ]
}
