{
    "apis": [],
    "fields": [
        {
            "name": "automated_product_tags",
            "type": "bool"
        },
        {
            "name": "brand_page_id",
            "type": "string"
        },
        {
            "name": "is_click_to_message",
            "type": "bool"
        },
        {
            "name": "multi_share_end_card",
            "type": "bool"
        },
        {
            "name": "page_welcome_message",
            "type": "string"
        },
        {
            "name": "partner_app_welcome_message_flow_id",
            "type": "string"
        }
    ]
}
