{
    "apis": [],
    "fields": [
        {
            "name": "call_to_action",
            "type": "AdCreativeLinkDataCallToAction"
        },
        {
            "name": "caption",
            "type": "string"
        },
        {
            "name": "description",
            "type": "string"
        },
        {
            "name": "image_crops",
            "type": "AdsImageCrops"
        },
        {
            "name": "image_hash",
            "type": "string"
        },
        {
            "name": "link",
            "type": "string"
        },
        {
            "name": "name",
            "type": "string"
        },
        {
            "name": "picture",
            "type": "string"
        },
        {
            "name": "place_data",
            "type": "AdCreativePlaceData"
        },
        {
            "name": "static_card",
            "type": "bool"
        },
        {
            "name": "video_id",
            "type": "string"
        }
    ]
}
