{
    "apis": [],
    "fields": [
        {
            "name": "data",
            "type": "Object"
        },
        {
            "name": "error",
            "type": "Object"
        },
        {
            "name": "omitted_results",
            "type": "list<Object>"
        },
        {
            "name": "query_id",
            "type": "string"
        },
        {
            "name": "results",
            "type": "list<Object>"
        },
        {
            "name": "status",
            "type": "string"
        }
    ]
}
