{
    "apis": [
        {
            "method": "GET",
            "endpoint": "adspixels",
            "return": "AdsPixel",
            "params": []
        },
        {
            "method": "GET",
            "endpoint": "applications",
            "return": "Application",
            "params": []
        },
        {
            "method": "GET",
            "endpoint": "brand_requests",
            "return": "BrandRequest",
            "params": []
        },
        {
            "method": "GET",
            "endpoint": "customconversions",
            "return": "CustomConversion",
            "params": []
        },
        {
            "method": "GET",
            "endpoint": "offline_conversion_data_sets",
            "return": "OfflineConversionDataSet",
            "params": []
        },
        {
            "method": "GET",
            "endpoint": "partner_private_studies",
            "return": "Business",
            "params": []
        },
        {
            "method": "GET",
            "endpoint": "partnerstudies",
            "return": "PartnerStudy",
            "params": []
        },
        {
            "name": "#get",
            "method": "GET",
            "return": "AdStudyObjective",
            "params": [
                {
                    "name": "breakdowns",
                    "required": false,
                    "type": "list<adstudyobjective_breakdowns>"
                },
                {
                    "name": "ds",
                    "required": false,
                    "type": "string"
                }
            ]
        },
        {
            "name": "#update",
            "method": "POST",
            "return": "AdStudyObjective",
            "params": [
                {
                    "name": "adspixels",
                    "required": false,
                    "type": "list<Object>"
                },
                {
                    "name": "applications",
                    "required": false,
                    "type": "list<Object>"
                },
                {
                    "name": "customconversions",
                    "required": false,
                    "type": "list<Object>"
                },
                {
                    "name": "is_primary",
                    "required": false,
                    "type": "bool"
                },
                {
                    "name": "name",
                    "required": false,
                    "type": "string"
                },
                {
                    "name": "offline_conversion_data_sets",
                    "required": false,
                    "type": "list<Object>"
                },
                {
                    "name": "offsite_datasets",
                    "required": false,
                    "type": "list<Object>"
                },
                {
                    "name": "product_catalogs",
                    "required": false,
                    "type": "list<Object>"
                },
                {
                    "name": "product_sets",
                    "required": false,
                    "type": "list<Object>"
                },
                {
                    "name": "type",
                    "required": false,
                    "type": "adstudyobjective_type"
                }
            ]
        }
    ],
    "fields": [
        {
            "name": "id",
            "type": "string"
        },
        {
            "name": "is_primary",
            "type": "bool"
        },
        {
            "name": "last_updated_results",
            "type": "string"
        },
        {
            "name": "name",
            "type": "string"
        },
        {
            "name": "results",
            "type": "list<string>"
        },
        {
            "name": "type",
            "type": "string"
        }
    ]
}
