{
    "apis": [
        {
            "name": "#get",
            "method": "GET",
            "return": "AnalyticsSegment",
            "params": [
                {
                    "name": "async_task_id",
                    "required": false,
                    "type": "string"
                },
                {
                    "name": "end_date",
                    "required": false,
                    "type": "int"
                },
                {
                    "name": "start_date",
                    "required": false,
                    "type": "int"
                }
            ]
        }
    ],
    "fields": [
        {
            "name": "custom_audience_ineligiblity_reasons",
            "type": "list<string>"
        },
        {
            "name": "description",
            "type": "string"
        },
        {
            "name": "estimated_custom_audience_size",
            "type": "unsigned int"
        },
        {
            "name": "event_info_rules",
            "type": "list<Object>"
        },
        {
            "name": "event_rules",
            "type": "list<Object>"
        },
        {
            "name": "filter_set",
            "type": "string"
        },
        {
            "name": "has_demographic_rules",
            "type": "bool"
        },
        {
            "name": "id",
            "type": "string"
        },
        {
            "name": "is_all_user",
            "type": "bool"
        },
        {
            "name": "is_eligible_for_push_campaign",
            "type": "bool"
        },
        {
            "name": "is_internal",
            "type": "bool"
        },
        {
            "name": "name",
            "type": "string"
        },
        {
            "name": "percentile_rules",
            "type": "list<Object>"
        },
        {
            "name": "time_last_seen",
            "type": "unsigned int"
        },
        {
            "name": "time_last_updated",
            "type": "unsigned int"
        },
        {
            "name": "user_property_rules",
            "type": "list<Object>"
        },
        {
            "name": "web_param_rules",
            "type": "list<Object>"
        }
    ]
}
