{
    "apis": [
        {
            "name": "#delete",
            "method": "DELETE",
            "return": "Object",
            "params": [
                {
                    "name": "ids",
                    "required": true,
                    "type": "list<string>"
                }
            ]
        },
        {
            "name": "#get",
            "method": "GET",
            "return": "AppRequest",
            "params": []
        }
    ],
    "fields": [
        {
            "name": "action_type",
            "type": "string"
        },
        {
            "name": "application",
            "type": "Application"
        },
        {
            "name": "created_time",
            "type": "datetime"
        },
        {
            "name": "data",
            "type": "string"
        },
        {
            "name": "from",
            "type": "Object"
        },
        {
            "name": "id",
            "type": "string"
        },
        {
            "name": "message",
            "type": "string"
        },
        {
            "name": "object",
            "type": "Object"
        },
        {
            "name": "to",
            "type": "Object"
        }
    ]
}
