{
    "apis": [
        {
            "name": "#get",
            "method": "GET",
            "return": "BusinessCreativeFolder",
            "params": []
        }
    ],
    "fields": [
        {
            "name": "business",
            "type": "Business"
        },
        {
            "name": "creation_time",
            "type": "datetime"
        },
        {
            "name": "creative_insight_permissions",
            "type": "list<map<string, string>>"
        },
        {
            "name": "description",
            "type": "string"
        },
        {
            "name": "id",
            "type": "string"
        },
        {
            "name": "media_library_url",
            "type": "string"
        },
        {
            "name": "name",
            "type": "string"
        },
        {
            "name": "owner_business",
            "type": "Business"
        }
    ]
}
