{
    "apis": [
        {
            "name": "#get",
            "method": "GET",
            "return": "BusinessVideo",
            "params": []
        }
    ],
    "fields": [
        {
            "name": "business",
            "type": "Business"
        },
        {
            "name": "id",
            "type": "string"
        },
        {
            "name": "media_library_url",
            "type": "string"
        },
        {
            "name": "name",
            "type": "string"
        },
        {
            "name": "video",
            "type": "AdVideo"
        }
    ]
}
