{
    "apis": [
        {
            "name": "#get",
            "method": "GET",
            "return": "BusinessImage",
            "params": []
        }
    ],
    "fields": [
        {
            "name": "business",
            "type": "Business"
        },
        {
            "name": "creation_time",
            "type": "datetime"
        },
        {
            "name": "hash",
            "type": "string"
        },
        {
            "name": "height",
            "type": "int"
        },
        {
            "name": "id",
            "type": "string"
        },
        {
            "name": "media_library_url",
            "type": "string"
        },
        {
            "name": "name",
            "type": "string"
        },
        {
            "name": "url",
            "type": "string"
        },
        {
            "name": "url_128",
            "type": "string"
        },
        {
            "name": "width",
            "type": "int"
        }
    ]
}
