{
    "apis": [
        {
            "name": "#get",
            "method": "GET",
            "return": "CollaborativeAdsShareSettings",
            "params": []
        }
    ],
    "fields": [
        {
            "name": "agency_business",
            "type": "Business"
        },
        {
            "name": "id",
            "type": "string"
        },
        {
            "name": "product_catalog_proxy_id",
            "type": "string"
        },
        {
            "name": "utm_campaign",
            "type": "string"
        },
        {
            "name": "utm_medium",
            "type": "string"
        },
        {
            "name": "utm_source",
            "type": "string"
        }
    ]
}
