{
    "apis": [],
    "fields": [
        {
            "name": "deals_setup",
            "type": "string"
        },
        {
            "name": "marketplace_approval_status",
            "type": "string"
        },
        {
            "name": "marketplace_approval_status_details",
            "type": "Object"
        },
        {
            "name": "payment_setup",
            "type": "string"
        },
        {
            "name": "review_status",
            "type": "Object"
        },
        {
            "name": "shop_setup",
            "type": "string"
        }
    ]
}
