{
    "apis": [
        {
            "method": "GET",
            "endpoint": "augmented_realities_metadata",
            "return": "DynamicARMetadata",
            "params": []
        },
        {
            "method": "GET",
            "endpoint": "channels_to_integrity_status",
            "return": "CatalogItemChannelsToIntegrityStatus",
            "params": []
        },
        {
            "method": "GET",
            "endpoint": "videos_metadata",
            "return": "DynamicVideoMetadata",
            "params": []
        },
        {
            "name": "#get",
            "method": "GET",
            "return": "Destination",
            "params": []
        }
    ],
    "fields": [
        {
            "name": "address",
            "type": "string"
        },
        {
            "name": "applinks",
            "type": "CatalogItemAppLinks"
        },
        {
            "name": "category_specific_fields",
            "type": "CatalogSubVerticalList"
        },
        {
            "name": "currency",
            "type": "string"
        },
        {
            "name": "description",
            "type": "string"
        },
        {
            "name": "destination_id",
            "type": "string"
        },
        {
            "name": "id",
            "type": "string"
        },
        {
            "name": "image_fetch_status",
            "type": "Destination_image_fetch_status"
        },
        {
            "name": "images",
            "type": "list<string>"
        },
        {
            "name": "name",
            "type": "string"
        },
        {
            "name": "price",
            "type": "string"
        },
        {
            "name": "price_change",
            "type": "string"
        },
        {
            "name": "sanitized_images",
            "type": "list<string>"
        },
        {
            "name": "tags",
            "type": "list<string>"
        },
        {
            "name": "types",
            "type": "list<string>"
        },
        {
            "name": "unit_price",
            "type": "Object"
        },
        {
            "name": "url",
            "type": "string"
        },
        {
            "name": "visibility",
            "type": "Destination_visibility"
        }
    ]
}
