{
    "apis": [],
    "fields": [
        {
            "name": "description",
            "type": "string"
        },
        {
            "name": "image_url",
            "type": "string"
        },
        {
            "name": "link",
            "type": "string"
        },
        {
            "name": "place_id",
            "type": "string"
        },
        {
            "name": "product_id",
            "type": "string"
        },
        {
            "name": "title",
            "type": "string"
        }
    ]
}
