{
    "apis": [
        {
            "method": "DELETE",
            "endpoint": "admins",
            "return": "Object",
            "params": [
                {
                    "name": "uid",
                    "required": true,
                    "type": "int"
                }
            ]
        },
        {
            "method": "POST",
            "endpoint": "admins",
            "return": "Group",
            "params": [
                {
                    "name": "uid",
                    "required": true,
                    "type": "int"
                }
            ]
        },
        {
            "method": "GET",
            "endpoint": "albums",
            "return": "Album",
            "params": []
        },
        {
            "method": "POST",
            "endpoint": "albums",
            "return": "Album",
            "params": [
                {
                    "name": "contributors",
                    "required": false,
                    "type": "list<int>"
                },
                {
                    "name": "description",
                    "required": false,
                    "type": "string"
                },
                {
                    "name": "is_default",
                    "required": false,
                    "type": "bool"
                },
                {
                    "name": "location",
                    "required": false,
                    "type": "string"
                },
                {
                    "name": "make_shared_album",
                    "required": false,
                    "type": "bool"
                },
                {
                    "name": "message",
                    "required": false,
                    "type": "string"
                },
                {
                    "name": "name",
                    "required": false,
                    "type": "string"
                },
                {
                    "name": "place",
                    "required": false,
                    "type": "Object"
                },
                {
                    "name": "privacy",
                    "required": false,
                    "type": "string"
                },
                {
                    "name": "session_id",
                    "required": false,
                    "type": "string"
                },
                {
                    "name": "tags",
                    "required": false,
                    "type": "list<int>"
                },
                {
                    "name": "visible",
                    "required": false,
                    "type": "string"
                }
            ]
        },
        {
            "method": "GET",
            "endpoint": "docs",
            "return": "Doc",
            "params": []
        },
        {
            "method": "GET",
            "endpoint": "events",
            "return": "Event",
            "params": []
        },
        {
            "method": "GET",
            "endpoint": "feed",
            "return": "Post",
            "params": [
                {
                    "name": "include_hidden",
                    "required": false,
                    "type": "bool"
                },
                {
                    "name": "q",
                    "required": false,
                    "type": "string"
                },
                {
                    "name": "show_expired",
                    "required": false,
                    "type": "bool"
                },
                {
                    "name": "since",
                    "required": false,
                    "type": "datetime"
                },
                {
                    "name": "until",
                    "required": false,
                    "type": "datetime"
                },
                {
                    "name": "with",
                    "required": false,
                    "type": "string"
                }
            ]
        },
        {
            "method": "POST",
            "endpoint": "feed",
            "return": "Post",
            "params": [
                {
                    "name": "actions",
                    "required": false,
                    "type": "Object"
                },
                {
                    "name": "adaptive_type",
                    "required": false,
                    "type": "string"
                },
                {
                    "name": "album_id",
                    "required": false,
                    "type": "string"
                },
                {
                    "name": "android_key_hash",
                    "required": false,
                    "type": "string"
                },
                {
                    "name": "animated_effect_id",
                    "required": false,
                    "type": "unsigned int"
                },
                {
                    "name": "application_id",
                    "required": false,
                    "type": "string"
                },
                {
                    "name": "asked_fun_fact_prompt_id",
                    "required": false,
                    "type": "unsigned int"
                },
                {
                    "name": "asset3d_id",
                    "required": false,
                    "type": "unsigned int"
                },
                {
                    "name": "associated_id",
                    "required": false,
                    "type": "string"
                },
                {
                    "name": "attach_place_suggestion",
                    "required": false,
                    "type": "bool"
                },
                {
                    "name": "attached_media",
                    "required": false,
                    "type": "list<Object>"
                },
                {
                    "name": "audience_exp",
                    "required": false,
                    "type": "bool"
                },
                {
                    "name": "backdated_time",
                    "required": false,
                    "type": "datetime"
                },
                {
                    "name": "backdated_time_granularity",
                    "required": false,
                    "type": "groupfeed_backdated_time_granularity_enum_param"
                },
                {
                    "name": "breaking_news",
                    "required": false,
                    "type": "bool"
                },
                {
                    "name": "breaking_news_expiration",
                    "required": false,
                    "type": "unsigned int"
                },
                {
                    "name": "call_to_action",
                    "required": false,
                    "type": "Object"
                },
                {
                    "name": "caption",
                    "required": false,
                    "type": "string"
                },
                {
                    "name": "child_attachments",
                    "required": false,
                    "type": "list<Object>"
                },
                {
                    "name": "client_mutation_id",
                    "required": false,
                    "type": "string"
                },
                {
                    "name": "composer_entry_picker",
                    "required": false,
                    "type": "string"
                },
                {
                    "name": "composer_entry_point",
                    "required": false,
                    "type": "string"
                },
                {
                    "name": "composer_entry_time",
                    "required": false,
                    "type": "unsigned int"
                },
                {
                    "name": "composer_session_events_log",
                    "required": false,
                    "type": "string"
                },
                {
                    "name": "composer_session_id",
                    "required": false,
                    "type": "string"
                },
                {
                    "name": "composer_source_surface",
                    "required": false,
                    "type": "string"
                },
                {
                    "name": "composer_type",
                    "required": false,
                    "type": "string"
                },
                {
                    "name": "connection_class",
                    "required": false,
                    "type": "string"
                },
                {
                    "name": "content_attachment",
                    "required": false,
                    "type": "string"
                },
                {
                    "name": "coordinates",
                    "required": false,
                    "type": "Object"
                },
                {
                    "name": "cta_link",
                    "required": false,
                    "type": "string"
                },
                {
                    "name": "cta_type",
                    "required": false,
                    "type": "string"
                },
                {
                    "name": "description",
                    "required": false,
                    "type": "string"
                },
                {
                    "name": "direct_share_status",
                    "required": false,
                    "type": "unsigned int"
                },
                {
                    "name": "expanded_height",
                    "required": false,
                    "type": "unsigned int"
                },
                {
                    "name": "expanded_width",
                    "required": false,
                    "type": "unsigned int"
                },
                {
                    "name": "feed_targeting",
                    "required": false,
                    "type": "Object"
                },
                {
                    "name": "formatting",
                    "required": false,
                    "type": "groupfeed_formatting_enum_param"
                },
                {
                    "name": "fun_fact_prompt_id",
                    "required": false,
                    "type": "unsigned int"
                },
                {
                    "name": "fun_fact_toastee_id",
                    "required": false,
                    "type": "unsigned int"
                },
                {
                    "name": "height",
                    "required": false,
                    "type": "unsigned int"
                },
                {
                    "name": "holiday_card",
                    "required": false,
                    "type": "string"
                },
                {
                    "name": "home_checkin_city_id",
                    "required": false,
                    "type": "Object"
                },
                {
                    "name": "image_crops",
                    "required": false,
                    "type": "map"
                },
                {
                    "name": "implicit_with_tags",
                    "required": false,
                    "type": "list<int>"
                },
                {
                    "name": "instant_game_entry_point_data",
                    "required": false,
                    "type": "string"
                },
                {
                    "name": "ios_bundle_id",
                    "required": false,
                    "type": "string"
                },
                {
                    "name": "is_backout_draft",
                    "required": false,
                    "type": "bool"
                },
                {
                    "name": "is_boost_intended",
                    "required": false,
                    "type": "bool"
                },
                {
                    "name": "is_explicit_location",
                    "required": false,
                    "type": "bool"
                },
                {
                    "name": "is_explicit_share",
                    "required": false,
                    "type": "bool"
                },
                {
                    "name": "is_group_linking_post",
                    "required": false,
                    "type": "bool"
                },
                {
                    "name": "is_photo_container",
                    "required": false,
                    "type": "bool"
                },
                {
                    "name": "link",
                    "required": false,
                    "type": "string"
                },
                {
                    "name": "location_source_id",
                    "required": false,
                    "type": "string"
                },
                {
                    "name": "manual_privacy",
                    "required": false,
                    "type": "bool"
                },
                {
                    "name": "message",
                    "required": false,
                    "type": "string"
                },
                {
                    "name": "multi_share_end_card",
                    "required": false,
                    "type": "bool"
                },
                {
                    "name": "multi_share_optimized",
                    "required": false,
                    "type": "bool"
                },
                {
                    "name": "name",
                    "required": false,
                    "type": "string"
                },
                {
                    "name": "nectar_module",
                    "required": false,
                    "type": "string"
                },
                {
                    "name": "object_attachment",
                    "required": false,
                    "type": "string"
                },
                {
                    "name": "offer_like_post_id",
                    "required": false,
                    "type": "unsigned int"
                },
                {
                    "name": "og_action_type_id",
                    "required": false,
                    "type": "string"
                },
                {
                    "name": "og_hide_object_attachment",
                    "required": false,
                    "type": "bool"
                },
                {
                    "name": "og_icon_id",
                    "required": false,
                    "type": "string"
                },
                {
                    "name": "og_object_id",
                    "required": false,
                    "type": "string"
                },
                {
                    "name": "og_phrase",
                    "required": false,
                    "type": "string"
                },
                {
                    "name": "og_set_profile_badge",
                    "required": false,
                    "type": "bool"
                },
                {
                    "name": "og_suggestion_mechanism",
                    "required": false,
                    "type": "string"
                },
                {
                    "name": "page_recommendation",
                    "required": false,
                    "type": "string"
                },
                {
                    "name": "picture",
                    "required": false,
                    "type": "string"
                },
                {
                    "name": "place",
                    "required": false,
                    "type": "Object"
                },
                {
                    "name": "place_attachment_setting",
                    "required": false,
                    "type": "groupfeed_place_attachment_setting_enum_param"
                },
                {
                    "name": "place_list",
                    "required": false,
                    "type": "string"
                },
                {
                    "name": "place_list_data",
                    "required": false,
                    "type": "list"
                },
                {
                    "name": "post_surfaces_blacklist",
                    "required": false,
                    "type": "list<groupfeed_post_surfaces_blacklist_enum_param>"
                },
                {
                    "name": "posting_to_redspace",
                    "required": false,
                    "type": "groupfeed_posting_to_redspace_enum_param"
                },
                {
                    "name": "privacy",
                    "required": false,
                    "type": "string"
                },
                {
                    "name": "prompt_id",
                    "required": false,
                    "type": "string"
                },
                {
                    "name": "prompt_tracking_string",
                    "required": false,
                    "type": "string"
                },
                {
                    "name": "properties",
                    "required": false,
                    "type": "Object"
                },
                {
                    "name": "proxied_app_id",
                    "required": false,
                    "type": "string"
                },
                {
                    "name": "publish_event_id",
                    "required": false,
                    "type": "unsigned int"
                },
                {
                    "name": "published",
                    "required": false,
                    "type": "bool"
                },
                {
                    "name": "quote",
                    "required": false,
                    "type": "string"
                },
                {
                    "name": "react_mode_metadata",
                    "required": false,
                    "type": "string"
                },
                {
                    "name": "ref",
                    "required": false,
                    "type": "list<string>"
                },
                {
                    "name": "referenceable_image_ids",
                    "required": false,
                    "type": "list<string>"
                },
                {
                    "name": "referral_id",
                    "required": false,
                    "type": "string"
                },
                {
                    "name": "scheduled_publish_time",
                    "required": false,
                    "type": "datetime"
                },
                {
                    "name": "source",
                    "required": false,
                    "type": "string"
                },
                {
                    "name": "sponsor_id",
                    "required": false,
                    "type": "string"
                },
                {
                    "name": "sponsor_relationship",
                    "required": false,
                    "type": "unsigned int"
                },
                {
                    "name": "suggested_place_id",
                    "required": false,
                    "type": "Object"
                },
                {
                    "name": "tags",
                    "required": false,
                    "type": "list<int>"
                },
                {
                    "name": "target_surface",
                    "required": false,
                    "type": "groupfeed_target_surface_enum_param"
                },
                {
                    "name": "targeting",
                    "required": false,
                    "type": "Object"
                },
                {
                    "name": "text_format_metadata",
                    "required": false,
                    "type": "string"
                },
                {
                    "name": "text_format_preset_id",
                    "required": false,
                    "type": "string"
                },
                {
                    "name": "text_only_place",
                    "required": false,
                    "type": "string"
                },
                {
                    "name": "throwback_camera_roll_media",
                    "required": false,
                    "type": "string"
                },
                {
                    "name": "thumbnail",
                    "required": false,
                    "type": "file"
                },
                {
                    "name": "time_since_original_post",
                    "required": false,
                    "type": "unsigned int"
                },
                {
                    "name": "title",
                    "required": false,
                    "type": "string"
                },
                {
                    "name": "tracking_info",
                    "required": false,
                    "type": "string"
                },
                {
                    "name": "unpublished_content_type",
                    "required": false,
                    "type": "groupfeed_unpublished_content_type_enum_param"
                },
                {
                    "name": "user_selected_tags",
                    "required": false,
                    "type": "bool"
                },
                {
                    "name": "video_start_time_ms",
                    "required": false,
                    "type": "unsigned int"
                },
                {
                    "name": "viewer_coordinates",
                    "required": false,
                    "type": "Object"
                },
                {
                    "name": "width",
                    "required": false,
                    "type": "unsigned int"
                }
            ]
        },
        {
            "method": "GET",
            "endpoint": "files",
            "return": "GroupFile",
            "params": []
        },
        {
            "method": "GET",
            "endpoint": "groups",
            "return": "Group",
            "params": []
        },
        {
            "method": "POST",
            "endpoint": "groups",
            "return": "Group",
            "params": [
                {
                    "name": "admin",
                    "required": false,
                    "type": "int"
                },
                {
                    "name": "description",
                    "required": false,
                    "type": "string"
                },
                {
                    "name": "group_icon_id",
                    "required": false,
                    "type": "string"
                },
                {
                    "name": "group_type",
                    "required": false,
                    "type": "groupgroups_group_type_enum_param"
                },
                {
                    "name": "join_setting",
                    "required": false,
                    "type": "groupgroups_join_setting_enum_param"
                },
                {
                    "name": "name",
                    "required": true,
                    "type": "string"
                },
                {
                    "name": "parent_id",
                    "required": false,
                    "type": "string"
                },
                {
                    "name": "post_permissions",
                    "required": false,
                    "type": "groupgroups_post_permissions_enum_param"
                },
                {
                    "name": "post_requires_admin_approval",
                    "required": false,
                    "type": "bool"
                },
                {
                    "name": "privacy",
                    "required": false,
                    "type": "string"
                },
                {
                    "name": "ref",
                    "required": false,
                    "type": "string"
                }
            ]
        },
        {
            "method": "GET",
            "endpoint": "live_videos",
            "return": "LiveVideo",
            "params": [
                {
                    "name": "broadcast_status",
                    "required": false,
                    "type": "list<grouplive_videos_broadcast_status_enum_param>"
                },
                {
                    "name": "source",
                    "required": false,
                    "type": "grouplive_videos_source_enum_param"
                }
            ]
        },
        {
            "method": "POST",
            "endpoint": "live_videos",
            "return": "LiveVideo",
            "params": [
                {
                    "name": "content_tags",
                    "required": false,
                    "type": "list<string>"
                },
                {
                    "name": "description",
                    "required": false,
                    "type": "string"
                },
                {
                    "name": "enable_backup_ingest",
                    "required": false,
                    "type": "bool"
                },
                {
                    "name": "encoding_settings",
                    "required": false,
                    "type": "string"
                },
                {
                    "name": "event_params",
                    "required": false,
                    "type": "Object"
                },
                {
                    "name": "fisheye_video_cropped",
                    "required": false,
                    "type": "bool"
                },
                {
                    "name": "front_z_rotation",
                    "required": false,
                    "type": "float"
                },
                {
                    "name": "is_audio_only",
                    "required": false,
                    "type": "bool"
                },
                {
                    "name": "is_spherical",
                    "required": false,
                    "type": "bool"
                },
                {
                    "name": "original_fov",
                    "required": false,
                    "type": "unsigned int"
                },
                {
                    "name": "privacy",
                    "required": false,
                    "type": "string"
                },
                {
                    "name": "projection",
                    "required": false,
                    "type": "grouplive_videos_projection_enum_param"
                },
                {
                    "name": "published",
                    "required": false,
                    "type": "bool"
                },
                {
                    "name": "schedule_custom_profile_image",
                    "required": false,
                    "type": "file"
                },
                {
                    "name": "spatial_audio_format",
                    "required": false,
                    "type": "grouplive_videos_spatial_audio_format_enum_param"
                },
                {
                    "name": "status",
                    "required": false,
                    "type": "grouplive_videos_status_enum_param"
                },
                {
                    "name": "stereoscopic_mode",
                    "required": false,
                    "type": "grouplive_videos_stereoscopic_mode_enum_param"
                },
                {
                    "name": "stop_on_delete_stream",
                    "required": false,
                    "type": "bool"
                },
                {
                    "name": "stream_type",
                    "required": false,
                    "type": "grouplive_videos_stream_type_enum_param"
                },
                {
                    "name": "title",
                    "required": false,
                    "type": "string"
                }
            ]
        },
        {
            "method": "DELETE",
            "endpoint": "members",
            "return": "Object",
            "params": [
                {
                    "name": "email",
                    "required": false,
                    "type": "string"
                },
                {
                    "name": "member",
                    "required": false,
                    "type": "int"
                }
            ]
        },
        {
            "method": "POST",
            "endpoint": "members",
            "return": "Group",
            "params": [
                {
                    "name": "email",
                    "required": false,
                    "type": "string"
                },
                {
                    "name": "from",
                    "required": false,
                    "type": "int"
                },
                {
                    "name": "member",
                    "required": false,
                    "type": "int"
                },
                {
                    "name": "rate",
                    "required": false,
                    "type": "unsigned int"
                },
                {
                    "name": "source",
                    "required": false,
                    "type": "string"
                }
            ]
        },
        {
            "method": "GET",
            "endpoint": "opted_in_members",
            "return": "User",
            "params": []
        },
        {
            "method": "POST",
            "endpoint": "photos",
            "return": "Photo",
            "params": [
                {
                    "name": "aid",
                    "required": false,
                    "type": "string"
                },
                {
                    "name": "allow_spherical_photo",
                    "required": false,
                    "type": "bool"
                },
                {
                    "name": "alt_text_custom",
                    "required": false,
                    "type": "string"
                },
                {
                    "name": "android_key_hash",
                    "required": false,
                    "type": "string"
                },
                {
                    "name": "application_id",
                    "required": false,
                    "type": "string"
                },
                {
                    "name": "attempt",
                    "required": false,
                    "type": "unsigned int"
                },
                {
                    "name": "audience_exp",
                    "required": false,
                    "type": "bool"
                },
                {
                    "name": "backdated_time",
                    "required": false,
                    "type": "datetime"
                },
                {
                    "name": "backdated_time_granularity",
                    "required": false,
                    "type": "groupphotos_backdated_time_granularity_enum_param"
                },
                {
                    "name": "caption",
                    "required": false,
                    "type": "string"
                },
                {
                    "name": "composer_session_id",
                    "required": false,
                    "type": "string"
                },
                {
                    "name": "direct_share_status",
                    "required": false,
                    "type": "unsigned int"
                },
                {
                    "name": "feed_targeting",
                    "required": false,
                    "type": "Object"
                },
                {
                    "name": "filter_type",
                    "required": false,
                    "type": "unsigned int"
                },
                {
                    "name": "full_res_is_coming_later",
                    "required": false,
                    "type": "bool"
                },
                {
                    "name": "initial_view_heading_override_degrees",
                    "required": false,
                    "type": "unsigned int"
                },
                {
                    "name": "initial_view_pitch_override_degrees",
                    "required": false,
                    "type": "unsigned int"
                },
                {
                    "name": "initial_view_vertical_fov_override_degrees",
                    "required": false,
                    "type": "unsigned int"
                },
                {
                    "name": "ios_bundle_id",
                    "required": false,
                    "type": "string"
                },
                {
                    "name": "is_explicit_location",
                    "required": false,
                    "type": "bool"
                },
                {
                    "name": "is_explicit_place",
                    "required": false,
                    "type": "bool"
                },
                {
                    "name": "manual_privacy",
                    "required": false,
                    "type": "bool"
                },
                {
                    "name": "message",
                    "required": false,
                    "type": "string"
                },
                {
                    "name": "name",
                    "required": false,
                    "type": "string"
                },
                {
                    "name": "no_story",
                    "required": false,
                    "type": "bool"
                },
                {
                    "name": "offline_id",
                    "required": false,
                    "type": "unsigned int"
                },
                {
                    "name": "og_action_type_id",
                    "required": false,
                    "type": "string"
                },
                {
                    "name": "og_icon_id",
                    "required": false,
                    "type": "string"
                },
                {
                    "name": "og_object_id",
                    "required": false,
                    "type": "string"
                },
                {
                    "name": "og_phrase",
                    "required": false,
                    "type": "string"
                },
                {
                    "name": "og_set_profile_badge",
                    "required": false,
                    "type": "bool"
                },
                {
                    "name": "og_suggestion_mechanism",
                    "required": false,
                    "type": "string"
                },
                {
                    "name": "place",
                    "required": false,
                    "type": "Object"
                },
                {
                    "name": "privacy",
                    "required": false,
                    "type": "string"
                },
                {
                    "name": "profile_id",
                    "required": false,
                    "type": "int"
                },
                {
                    "name": "proxied_app_id",
                    "required": false,
                    "type": "string"
                },
                {
                    "name": "published",
                    "required": false,
                    "type": "bool"
                },
                {
                    "name": "qn",
                    "required": false,
                    "type": "string"
                },
                {
                    "name": "spherical_metadata",
                    "required": false,
                    "type": "map"
                },
                {
                    "name": "sponsor_id",
                    "required": false,
                    "type": "string"
                },
                {
                    "name": "sponsor_relationship",
                    "required": false,
                    "type": "unsigned int"
                },
                {
                    "name": "tags",
                    "required": false,
                    "type": "list<Object>"
                },
                {
                    "name": "target_id",
                    "required": false,
                    "type": "int"
                },
                {
                    "name": "targeting",
                    "required": false,
                    "type": "Object"
                },
                {
                    "name": "time_since_original_post",
                    "required": false,
                    "type": "unsigned int"
                },
                {
                    "name": "uid",
                    "required": false,
                    "type": "int"
                },
                {
                    "name": "unpublished_content_type",
                    "required": false,
                    "type": "groupphotos_unpublished_content_type_enum_param"
                },
                {
                    "name": "url",
                    "required": false,
                    "type": "string"
                },
                {
                    "name": "user_selected_tags",
                    "required": false,
                    "type": "bool"
                },
                {
                    "name": "vault_image_id",
                    "required": false,
                    "type": "string"
                }
            ]
        },
        {
            "method": "GET",
            "endpoint": "picture",
            "return": "ProfilePictureSource",
            "params": [
                {
                    "name": "height",
                    "required": false,
                    "type": "int"
                },
                {
                    "name": "redirect",
                    "required": false,
                    "type": "bool"
                },
                {
                    "name": "type",
                    "required": false,
                    "type": "grouppicture_type_enum_param"
                },
                {
                    "name": "width",
                    "required": false,
                    "type": "int"
                }
            ]
        },
        {
            "method": "GET",
            "endpoint": "videos",
            "return": "AdVideo",
            "params": [
                {
                    "name": "type",
                    "required": false,
                    "type": "groupvideos_type_enum_param"
                }
            ]
        },
        {
            "method": "POST",
            "endpoint": "videos",
            "return": "AdVideo",
            "params": [
                {
                    "name": "adaptive_type",
                    "required": false,
                    "type": "string"
                },
                {
                    "name": "animated_effect_id",
                    "required": false,
                    "type": "unsigned int"
                },
                {
                    "name": "application_id",
                    "required": false,
                    "type": "string"
                },
                {
                    "name": "asked_fun_fact_prompt_id",
                    "required": false,
                    "type": "unsigned int"
                },
                {
                    "name": "audio_story_wave_animation_handle",
                    "required": false,
                    "type": "string"
                },
                {
                    "name": "composer_entry_picker",
                    "required": false,
                    "type": "string"
                },
                {
                    "name": "composer_entry_point",
                    "required": false,
                    "type": "string"
                },
                {
                    "name": "composer_entry_time",
                    "required": false,
                    "type": "unsigned int"
                },
                {
                    "name": "composer_session_events_log",
                    "required": false,
                    "type": "string"
                },
                {
                    "name": "composer_session_id",
                    "required": false,
                    "type": "string"
                },
                {
                    "name": "composer_source_surface",
                    "required": false,
                    "type": "string"
                },
                {
                    "name": "composer_type",
                    "required": false,
                    "type": "string"
                },
                {
                    "name": "container_type",
                    "required": false,
                    "type": "groupvideos_container_type_enum_param"
                },
                {
                    "name": "content_category",
                    "required": false,
                    "type": "groupvideos_content_category_enum_param"
                },
                {
                    "name": "creative_tools",
                    "required": false,
                    "type": "string"
                },
                {
                    "name": "description",
                    "required": false,
                    "type": "string"
                },
                {
                    "name": "embeddable",
                    "required": false,
                    "type": "bool"
                },
                {
                    "name": "end_offset",
                    "required": false,
                    "type": "unsigned int"
                },
                {
                    "name": "fbuploader_video_file_chunk",
                    "required": false,
                    "type": "string"
                },
                {
                    "name": "file_size",
                    "required": false,
                    "type": "unsigned int"
                },
                {
                    "name": "file_url",
                    "required": false,
                    "type": "string"
                },
                {
                    "name": "fisheye_video_cropped",
                    "required": false,
                    "type": "bool"
                },
                {
                    "name": "formatting",
                    "required": false,
                    "type": "groupvideos_formatting_enum_param"
                },
                {
                    "name": "fov",
                    "required": false,
                    "type": "unsigned int"
                },
                {
                    "name": "front_z_rotation",
                    "required": false,
                    "type": "float"
                },
                {
                    "name": "fun_fact_prompt_id",
                    "required": false,
                    "type": "unsigned int"
                },
                {
                    "name": "fun_fact_toastee_id",
                    "required": false,
                    "type": "unsigned int"
                },
                {
                    "name": "guide",
                    "required": false,
                    "type": "list<list<unsigned int>>"
                },
                {
                    "name": "guide_enabled",
                    "required": false,
                    "type": "bool"
                },
                {
                    "name": "holiday_card",
                    "required": false,
                    "type": "string"
                },
                {
                    "name": "initial_heading",
                    "required": false,
                    "type": "unsigned int"
                },
                {
                    "name": "initial_pitch",
                    "required": false,
                    "type": "unsigned int"
                },
                {
                    "name": "instant_game_entry_point_data",
                    "required": false,
                    "type": "string"
                },
                {
                    "name": "is_boost_intended",
                    "required": false,
                    "type": "bool"
                },
                {
                    "name": "is_explicit_share",
                    "required": false,
                    "type": "bool"
                },
                {
                    "name": "is_group_linking_post",
                    "required": false,
                    "type": "bool"
                },
                {
                    "name": "is_voice_clip",
                    "required": false,
                    "type": "bool"
                },
                {
                    "name": "location_source_id",
                    "required": false,
                    "type": "string"
                },
                {
                    "name": "manual_privacy",
                    "required": false,
                    "type": "bool"
                },
                {
                    "name": "offer_like_post_id",
                    "required": false,
                    "type": "unsigned int"
                },
                {
                    "name": "og_action_type_id",
                    "required": false,
                    "type": "string"
                },
                {
                    "name": "og_icon_id",
                    "required": false,
                    "type": "string"
                },
                {
                    "name": "og_object_id",
                    "required": false,
                    "type": "string"
                },
                {
                    "name": "og_phrase",
                    "required": false,
                    "type": "string"
                },
                {
                    "name": "og_suggestion_mechanism",
                    "required": false,
                    "type": "string"
                },
                {
                    "name": "original_fov",
                    "required": false,
                    "type": "unsigned int"
                },
                {
                    "name": "original_projection_type",
                    "required": false,
                    "type": "groupvideos_original_projection_type_enum_param"
                },
                {
                    "name": "publish_event_id",
                    "required": false,
                    "type": "unsigned int"
                },
                {
                    "name": "published",
                    "required": false,
                    "type": "bool"
                },
                {
                    "name": "react_mode_metadata",
                    "required": false,
                    "type": "string"
                },
                {
                    "name": "referenced_sticker_id",
                    "required": false,
                    "type": "string"
                },
                {
                    "name": "replace_video_id",
                    "required": false,
                    "type": "string"
                },
                {
                    "name": "scheduled_publish_time",
                    "required": false,
                    "type": "unsigned int"
                },
                {
                    "name": "slideshow_spec",
                    "required": false,
                    "type": "map"
                },
                {
                    "name": "source",
                    "required": false,
                    "type": "string"
                },
                {
                    "name": "source_instagram_media_id",
                    "required": false,
                    "type": "string"
                },
                {
                    "name": "spherical",
                    "required": false,
                    "type": "bool"
                },
                {
                    "name": "start_offset",
                    "required": false,
                    "type": "unsigned int"
                },
                {
                    "name": "swap_mode",
                    "required": false,
                    "type": "groupvideos_swap_mode_enum_param"
                },
                {
                    "name": "text_format_metadata",
                    "required": false,
                    "type": "string"
                },
                {
                    "name": "throwback_camera_roll_media",
                    "required": false,
                    "type": "string"
                },
                {
                    "name": "thumb",
                    "required": false,
                    "type": "file"
                },
                {
                    "name": "time_since_original_post",
                    "required": false,
                    "type": "unsigned int"
                },
                {
                    "name": "title",
                    "required": false,
                    "type": "string"
                },
                {
                    "name": "transcode_setting_properties",
                    "required": false,
                    "type": "string"
                },
                {
                    "name": "unpublished_content_type",
                    "required": false,
                    "type": "groupvideos_unpublished_content_type_enum_param"
                },
                {
                    "name": "upload_phase",
                    "required": false,
                    "type": "groupvideos_upload_phase_enum_param"
                },
                {
                    "name": "upload_session_id",
                    "required": false,
                    "type": "string"
                },
                {
                    "name": "upload_setting_properties",
                    "required": false,
                    "type": "string"
                },
                {
                    "name": "video_file_chunk",
                    "required": false,
                    "type": "string"
                },
                {
                    "name": "video_id_original",
                    "required": false,
                    "type": "string"
                },
                {
                    "name": "video_start_time_ms",
                    "required": false,
                    "type": "unsigned int"
                },
                {
                    "name": "waterfall_id",
                    "required": false,
                    "type": "string"
                }
            ]
        },
        {
            "name": "#get",
            "method": "GET",
            "return": "Group",
            "params": [
                {
                    "name": "icon_size",
                    "required": false,
                    "type": "group_icon_size"
                }
            ]
        },
        {
            "name": "#update",
            "method": "POST",
            "return": "Group",
            "params": [
                {
                    "name": "cover",
                    "required": false,
                    "type": "string"
                },
                {
                    "name": "cover_url",
                    "required": false,
                    "type": "string"
                },
                {
                    "name": "description",
                    "required": false,
                    "type": "string"
                },
                {
                    "name": "focus_x",
                    "required": false,
                    "type": "float"
                },
                {
                    "name": "focus_y",
                    "required": false,
                    "type": "float"
                },
                {
                    "name": "group_icon",
                    "required": false,
                    "type": "string"
                },
                {
                    "name": "is_official_group",
                    "required": false,
                    "type": "bool"
                },
                {
                    "name": "join_setting",
                    "required": false,
                    "type": "group_join_setting"
                },
                {
                    "name": "name",
                    "required": false,
                    "type": "string"
                },
                {
                    "name": "no_feed_story",
                    "required": false,
                    "type": "bool"
                },
                {
                    "name": "offset_y",
                    "required": false,
                    "type": "int"
                },
                {
                    "name": "post_permissions",
                    "required": false,
                    "type": "group_post_permissions"
                },
                {
                    "name": "post_requires_admin_approval",
                    "required": false,
                    "type": "bool"
                },
                {
                    "name": "privacy",
                    "required": false,
                    "type": "string"
                },
                {
                    "name": "purpose",
                    "required": false,
                    "type": "group_purpose"
                },
                {
                    "name": "update_view_time",
                    "required": false,
                    "type": "bool"
                }
            ]
        }
    ],
    "fields": [
        {
            "name": "archived",
            "type": "bool"
        },
        {
            "name": "cover",
            "type": "CoverPhoto"
        },
        {
            "name": "created_time",
            "type": "datetime"
        },
        {
            "name": "description",
            "type": "string"
        },
        {
            "name": "email",
            "type": "string"
        },
        {
            "name": "icon",
            "type": "string"
        },
        {
            "name": "id",
            "type": "string"
        },
        {
            "name": "install",
            "type": "Object"
        },
        {
            "name": "link",
            "type": "string"
        },
        {
            "name": "member_count",
            "type": "unsigned int"
        },
        {
            "name": "member_request_count",
            "type": "unsigned int"
        },
        {
            "name": "name",
            "type": "string"
        },
        {
            "name": "parent",
            "type": "Object"
        },
        {
            "name": "permissions",
            "type": "list<string>"
        },
        {
            "name": "privacy",
            "type": "string"
        },
        {
            "name": "purpose",
            "type": "string"
        },
        {
            "name": "subdomain",
            "type": "string"
        },
        {
            "name": "updated_time",
            "type": "datetime"
        },
        {
            "name": "venue",
            "type": "Location"
        }
    ]
}
