{
    "apis": [
        {
            "name": "#delete",
            "method": "DELETE",
            "return": "Object",
            "params": []
        },
        {
            "name": "#get",
            "method": "GET",
            "return": "HighDemandPeriod",
            "params": []
        },
        {
            "name": "#update",
            "method": "POST",
            "return": "HighDemandPeriod",
            "params": [
                {
                    "name": "budget_value",
                    "required": false,
                    "type": "unsigned int"
                },
                {
                    "name": "budget_value_type",
                    "required": false,
                    "type": "highdemandperiod_budget_value_type"
                },
                {
                    "name": "time_end",
                    "required": false,
                    "type": "unsigned int"
                },
                {
                    "name": "time_start",
                    "required": false,
                    "type": "unsigned int"
                }
            ]
        }
    ],
    "fields": [
        {
            "name": "ad_object_id",
            "type": "string"
        },
        {
            "name": "budget_value",
            "type": "int"
        },
        {
            "name": "budget_value_type",
            "type": "string"
        },
        {
            "name": "id",
            "type": "string"
        },
        {
            "name": "recurrence_type",
            "type": "string"
        },
        {
            "name": "time_end",
            "type": "datetime"
        },
        {
            "name": "time_start",
            "type": "datetime"
        },
        {
            "name": "weekly_schedule",
            "type": "list<HighDemandPeriodTimeSuggestionWeeklySegment>"
        }
    ]
}
