{
    "apis": [
        {
            "name": "#get",
            "method": "GET",
            "return": "IGUpcomingEvent",
            "params": []
        },
        {
            "name": "#update",
            "method": "POST",
            "return": "IGUpcomingEvent",
            "params": [
                {
                    "name": "end_time",
                    "required": false,
                    "type": "datetime"
                },
                {
                    "name": "start_time",
                    "required": true,
                    "type": "datetime"
                },
                {
                    "name": "title",
                    "required": true,
                    "type": "string"
                }
            ]
        }
    ],
    "fields": [
        {
            "name": "end_time",
            "type": "datetime"
        },
        {
            "name": "id",
            "type": "string"
        },
        {
            "name": "start_time",
            "type": "datetime"
        },
        {
            "name": "title",
            "type": "string"
        }
    ]
}
