{
    "apis": [],
    "fields": [
        {
            "name": "description",
            "type": "string"
        },
        {
            "name": "description_from_api_doc",
            "type": "string"
        },
        {
            "name": "id",
            "type": "string"
        },
        {
            "name": "name",
            "type": "string"
        },
        {
            "name": "period",
            "type": "string"
        },
        {
            "name": "title",
            "type": "string"
        },
        {
            "name": "values",
            "type": "list<InsightsValue>"
        }
    ]
}
