{
    "apis": [],
    "fields": [
        {
            "name": "description",
            "type": "string"
        },
        {
            "name": "id",
            "type": "string"
        },
        {
            "name": "name",
            "type": "string"
        },
        {
            "name": "period",
            "type": "string"
        },
        {
            "name": "title",
            "type": "string"
        },
        {
            "name": "total_value",
            "type": "Object"
        },
        {
            "name": "values",
            "type": "list<InstagramInsightsValue>"
        }
    ]
}
