{
    "apis": [
        {
            "method": "GET",
            "endpoint": "augmented_realities_metadata",
            "return": "DynamicARMetadata",
            "params": []
        },
        {
            "method": "GET",
            "endpoint": "channels_to_integrity_status",
            "return": "CatalogItemChannelsToIntegrityStatus",
            "params": []
        },
        {
            "method": "GET",
            "endpoint": "videos_metadata",
            "return": "DynamicVideoMetadata",
            "params": []
        },
        {
            "name": "#delete",
            "method": "DELETE",
            "return": "Object",
            "params": []
        },
        {
            "name": "#get",
            "method": "GET",
            "return": "MediaTitle",
            "params": []
        },
        {
            "name": "#update",
            "method": "POST",
            "return": "MediaTitle",
            "params": [
                {
                    "name": "applinks",
                    "required": false,
                    "type": "Object"
                },
                {
                    "name": "content_category",
                    "required": false,
                    "type": "mediatitle_content_category"
                },
                {
                    "name": "currency",
                    "required": false,
                    "type": "string"
                },
                {
                    "name": "description",
                    "required": false,
                    "type": "string"
                },
                {
                    "name": "fb_page_id",
                    "required": false,
                    "type": "string"
                },
                {
                    "name": "genres",
                    "required": false,
                    "type": "list<string>"
                },
                {
                    "name": "images",
                    "required": false,
                    "type": "list<Object>"
                },
                {
                    "name": "kg_fb_id",
                    "required": false,
                    "type": "string"
                },
                {
                    "name": "price",
                    "required": false,
                    "type": "unsigned int"
                },
                {
                    "name": "title",
                    "required": false,
                    "type": "string"
                },
                {
                    "name": "title_display_name",
                    "required": false,
                    "type": "string"
                },
                {
                    "name": "url",
                    "required": false,
                    "type": "string"
                }
            ]
        }
    ],
    "fields": [
        {
            "name": "applinks",
            "type": "CatalogItemAppLinks"
        },
        {
            "name": "category_specific_fields",
            "type": "CatalogSubVerticalList"
        },
        {
            "name": "content_category",
            "type": "string"
        },
        {
            "name": "currency",
            "type": "string"
        },
        {
            "name": "description",
            "type": "string"
        },
        {
            "name": "fb_page_alias",
            "type": "string"
        },
        {
            "name": "fb_page_id",
            "type": "Page"
        },
        {
            "name": "genres",
            "type": "list<string>"
        },
        {
            "name": "id",
            "type": "string"
        },
        {
            "name": "image_fetch_status",
            "type": "MediaTitle_image_fetch_status"
        },
        {
            "name": "images",
            "type": "list<string>"
        },
        {
            "name": "kg_fb_id",
            "type": "string"
        },
        {
            "name": "media_title_id",
            "type": "string"
        },
        {
            "name": "price",
            "type": "string"
        },
        {
            "name": "sanitized_images",
            "type": "list<string>"
        },
        {
            "name": "title",
            "type": "string"
        },
        {
            "name": "title_display_name",
            "type": "string"
        },
        {
            "name": "unit_price",
            "type": "Object"
        },
        {
            "name": "url",
            "type": "string"
        },
        {
            "name": "visibility",
            "type": "MediaTitle_visibility"
        },
        {
            "name": "wiki_data_item",
            "type": "string"
        }
    ]
}
