{
    "apis": [
        {
            "method": "GET",
            "endpoint": "video_insights",
            "return": "PagePostExperimentVideoInsightsQueryResult",
            "params": []
        },
        {
            "name": "#delete",
            "method": "DELETE",
            "return": "Object",
            "params": []
        },
        {
            "name": "#get",
            "method": "GET",
            "return": "PagePostExperiment",
            "params": []
        }
    ],
    "fields": [
        {
            "name": "auto_resolve_settings",
            "type": "Object"
        },
        {
            "name": "control_video_id",
            "type": "string"
        },
        {
            "name": "creation_time",
            "type": "datetime"
        },
        {
            "name": "creator",
            "type": "User"
        },
        {
            "name": "declared_winning_time",
            "type": "datetime"
        },
        {
            "name": "declared_winning_video_id",
            "type": "string"
        },
        {
            "name": "description",
            "type": "string"
        },
        {
            "name": "experiment_video_ids",
            "type": "list<string>"
        },
        {
            "name": "id",
            "type": "string"
        },
        {
            "name": "insight_snapshots",
            "type": "list<map<datetime, list<map<int, Object>>>>"
        },
        {
            "name": "name",
            "type": "string"
        },
        {
            "name": "optimization_goal",
            "type": "string"
        },
        {
            "name": "publish_status",
            "type": "string"
        },
        {
            "name": "publish_time",
            "type": "datetime"
        },
        {
            "name": "scheduled_experiment_timestamp",
            "type": "datetime"
        },
        {
            "name": "updated_time",
            "type": "datetime"
        }
    ]
}
