{
    "apis": [
        {
            "method": "GET",
            "endpoint": "comments",
            "return": "Comment",
            "params": [
                {
                    "name": "filter",
                    "required": false,
                    "type": "photocomments_filter_enum_param"
                },
                {
                    "name": "live_filter",
                    "required": false,
                    "type": "photocomments_live_filter_enum_param"
                },
                {
                    "name": "order",
                    "required": false,
                    "type": "photocomments_order_enum_param"
                },
                {
                    "name": "since",
                    "required": false,
                    "type": "datetime"
                }
            ]
        },
        {
            "method": "POST",
            "endpoint": "comments",
            "return": "Comment",
            "params": [
                {
                    "name": "attachment_id",
                    "required": false,
                    "type": "string"
                },
                {
                    "name": "attachment_share_url",
                    "required": false,
                    "type": "string"
                },
                {
                    "name": "attachment_url",
                    "required": false,
                    "type": "string"
                },
                {
                    "name": "comment_privacy_value",
                    "required": false,
                    "type": "photocomments_comment_privacy_value_enum_param"
                },
                {
                    "name": "facepile_mentioned_ids",
                    "required": false,
                    "type": "list<string>"
                },
                {
                    "name": "feedback_source",
                    "required": false,
                    "type": "string"
                },
                {
                    "name": "is_offline",
                    "required": false,
                    "type": "bool"
                },
                {
                    "name": "message",
                    "required": false,
                    "type": "string"
                },
                {
                    "name": "nectar_module",
                    "required": false,
                    "type": "string"
                },
                {
                    "name": "object_id",
                    "required": false,
                    "type": "string"
                },
                {
                    "name": "parent_comment_id",
                    "required": false,
                    "type": "Object"
                },
                {
                    "name": "text",
                    "required": false,
                    "type": "string"
                },
                {
                    "name": "tracking",
                    "required": false,
                    "type": "string"
                }
            ]
        },
        {
            "method": "GET",
            "endpoint": "insights",
            "return": "InsightsResult",
            "params": [
                {
                    "name": "date_preset",
                    "required": false,
                    "type": "photoinsights_date_preset_enum_param"
                },
                {
                    "name": "metric",
                    "required": false,
                    "type": "list<Object>"
                },
                {
                    "name": "period",
                    "required": false,
                    "type": "photoinsights_period_enum_param"
                },
                {
                    "name": "since",
                    "required": false,
                    "type": "datetime"
                },
                {
                    "name": "until",
                    "required": false,
                    "type": "datetime"
                }
            ]
        },
        {
            "method": "GET",
            "endpoint": "likes",
            "return": "Profile",
            "params": []
        },
        {
            "method": "POST",
            "endpoint": "likes",
            "return": "Photo",
            "params": [
                {
                    "name": "feedback_source",
                    "required": false,
                    "type": "string"
                },
                {
                    "name": "nectar_module",
                    "required": false,
                    "type": "string"
                },
                {
                    "name": "notify",
                    "required": false,
                    "type": "bool"
                },
                {
                    "name": "tracking",
                    "required": false,
                    "type": "string"
                }
            ]
        },
        {
            "method": "GET",
            "endpoint": "sponsor_tags",
            "return": "Page",
            "params": []
        },
        {
            "name": "#delete",
            "method": "DELETE",
            "return": "Object",
            "params": []
        },
        {
            "name": "#get",
            "method": "GET",
            "return": "Photo",
            "params": []
        }
    ],
    "fields": [
        {
            "name": "album",
            "type": "Album"
        },
        {
            "name": "alt_text",
            "type": "string"
        },
        {
            "name": "alt_text_custom",
            "type": "string"
        },
        {
            "name": "backdated_time",
            "type": "datetime"
        },
        {
            "name": "backdated_time_granularity",
            "type": "string"
        },
        {
            "name": "can_backdate",
            "type": "bool"
        },
        {
            "name": "can_delete",
            "type": "bool"
        },
        {
            "name": "can_tag",
            "type": "bool"
        },
        {
            "name": "created_time",
            "type": "datetime"
        },
        {
            "name": "event",
            "type": "Event"
        },
        {
            "name": "from",
            "type": "Object"
        },
        {
            "name": "height",
            "type": "unsigned int"
        },
        {
            "name": "icon",
            "type": "string"
        },
        {
            "name": "id",
            "type": "string"
        },
        {
            "name": "images",
            "type": "list<PlatformImageSource>"
        },
        {
            "name": "link",
            "type": "string"
        },
        {
            "name": "name",
            "type": "string"
        },
        {
            "name": "name_tags",
            "type": "list<EntityAtTextRange>"
        },
        {
            "name": "page_story_id",
            "type": "string"
        },
        {
            "name": "picture",
            "type": "string"
        },
        {
            "name": "place",
            "type": "Place"
        },
        {
            "name": "position",
            "type": "unsigned int"
        },
        {
            "name": "source",
            "type": "string"
        },
        {
            "name": "target",
            "type": "Profile"
        },
        {
            "name": "updated_time",
            "type": "datetime"
        },
        {
            "name": "webp_images",
            "type": "list<PlatformImageSource>"
        },
        {
            "name": "width",
            "type": "unsigned int"
        }
    ]
}
