{
    "apis": [
        {
            "name": "#get",
            "method": "GET",
            "return": "PrivateLiftStudyInstance",
            "params": []
        },
        {
            "name": "#update",
            "method": "POST",
            "return": "PrivateLiftStudyInstance",
            "params": [
                {
                    "name": "operation",
                    "required": false,
                    "type": "privateliftstudyinstance_operation"
                },
                {
                    "name": "run_id",
                    "required": false,
                    "type": "string"
                }
            ]
        }
    ],
    "fields": [
        {
            "name": "breakdown_key",
            "type": "string"
        },
        {
            "name": "created_time",
            "type": "datetime"
        },
        {
            "name": "feature_list",
            "type": "list<string>"
        },
        {
            "name": "id",
            "type": "string"
        },
        {
            "name": "issuer_certificate",
            "type": "string"
        },
        {
            "name": "latest_status_update_time",
            "type": "datetime"
        },
        {
            "name": "run_id",
            "type": "string"
        },
        {
            "name": "server_hostnames",
            "type": "list<string>"
        },
        {
            "name": "server_ips",
            "type": "list<string>"
        },
        {
            "name": "status",
            "type": "string"
        },
        {
            "name": "tier",
            "type": "string"
        }
    ]
}
