{
    "apis": [
        {
            "method": "GET",
            "endpoint": "automotive_models",
            "return": "AutomotiveModel",
            "params": [
                {
                    "name": "bulk_pagination",
                    "required": false,
                    "type": "bool"
                },
                {
                    "name": "filter",
                    "required": false,
                    "type": "Object"
                }
            ]
        },
        {
            "method": "GET",
            "endpoint": "destinations",
            "return": "Destination",
            "params": [
                {
                    "name": "bulk_pagination",
                    "required": false,
                    "type": "bool"
                },
                {
                    "name": "filter",
                    "required": false,
                    "type": "Object"
                }
            ]
        },
        {
            "method": "GET",
            "endpoint": "flights",
            "return": "Flight",
            "params": [
                {
                    "name": "bulk_pagination",
                    "required": false,
                    "type": "bool"
                },
                {
                    "name": "filter",
                    "required": false,
                    "type": "Object"
                }
            ]
        },
        {
            "method": "GET",
            "endpoint": "home_listings",
            "return": "HomeListing",
            "params": [
                {
                    "name": "bulk_pagination",
                    "required": false,
                    "type": "bool"
                },
                {
                    "name": "filter",
                    "required": false,
                    "type": "Object"
                }
            ]
        },
        {
            "method": "GET",
            "endpoint": "hotels",
            "return": "Hotel",
            "params": [
                {
                    "name": "bulk_pagination",
                    "required": false,
                    "type": "bool"
                },
                {
                    "name": "filter",
                    "required": false,
                    "type": "Object"
                }
            ]
        },
        {
            "method": "GET",
            "endpoint": "media_titles",
            "return": "MediaTitle",
            "params": [
                {
                    "name": "bulk_pagination",
                    "required": false,
                    "type": "bool"
                },
                {
                    "name": "filter",
                    "required": false,
                    "type": "Object"
                }
            ]
        },
        {
            "method": "GET",
            "endpoint": "products",
            "return": "ProductItem",
            "params": [
                {
                    "name": "bulk_pagination",
                    "required": false,
                    "type": "bool"
                },
                {
                    "name": "error_priority",
                    "required": false,
                    "type": "productsetproducts_error_priority_enum_param"
                },
                {
                    "name": "error_type",
                    "required": false,
                    "type": "productsetproducts_error_type_enum_param"
                },
                {
                    "name": "filter",
                    "required": false,
                    "type": "Object"
                }
            ]
        },
        {
            "method": "GET",
            "endpoint": "vehicle_offers",
            "return": "VehicleOffer",
            "params": [
                {
                    "name": "bulk_pagination",
                    "required": false,
                    "type": "bool"
                },
                {
                    "name": "filter",
                    "required": false,
                    "type": "Object"
                }
            ]
        },
        {
            "method": "GET",
            "endpoint": "vehicles",
            "return": "Vehicle",
            "params": [
                {
                    "name": "bulk_pagination",
                    "required": false,
                    "type": "bool"
                },
                {
                    "name": "filter",
                    "required": false,
                    "type": "Object"
                }
            ]
        },
        {
            "name": "#delete",
            "method": "DELETE",
            "return": "Object",
            "params": [
                {
                    "name": "allow_live_product_set_deletion",
                    "required": false,
                    "type": "bool"
                }
            ]
        },
        {
            "name": "#get",
            "method": "GET",
            "return": "ProductSet",
            "params": []
        },
        {
            "name": "#update",
            "method": "POST",
            "return": "ProductSet",
            "params": [
                {
                    "name": "filter",
                    "required": false,
                    "type": "Object"
                },
                {
                    "name": "metadata",
                    "required": false,
                    "type": "map"
                },
                {
                    "name": "name",
                    "required": false,
                    "type": "string"
                },
                {
                    "name": "ordering_info",
                    "required": false,
                    "type": "list<unsigned int>"
                },
                {
                    "name": "publish_to_shops",
                    "required": false,
                    "type": "list<map>"
                },
                {
                    "name": "retailer_id",
                    "required": false,
                    "type": "string"
                }
            ]
        }
    ],
    "fields": [
        {
            "name": "auto_creation_url",
            "type": "string"
        },
        {
            "name": "filter",
            "type": "string"
        },
        {
            "name": "id",
            "type": "string"
        },
        {
            "name": "latest_metadata",
            "type": "ProductSetMetadata"
        },
        {
            "name": "live_metadata",
            "type": "ProductSetMetadata"
        },
        {
            "name": "name",
            "type": "string"
        },
        {
            "name": "ordering_info",
            "type": "list<int>"
        },
        {
            "name": "product_catalog",
            "type": "ProductCatalog"
        },
        {
            "name": "product_count",
            "type": "unsigned int"
        },
        {
            "name": "retailer_id",
            "type": "string"
        }
    ]
}
