{
    "apis": [
        {
            "method": "GET",
            "endpoint": "channels_to_integrity_status",
            "return": "CatalogItemChannelsToIntegrityStatus",
            "params": []
        },
        {
            "method": "GET",
            "endpoint": "product_sets",
            "return": "ProductSet",
            "params": []
        },
        {
            "method": "GET",
            "endpoint": "videos_metadata",
            "return": "DynamicVideoMetadata",
            "params": []
        },
        {
            "name": "#delete",
            "method": "DELETE",
            "return": "Object",
            "params": []
        },
        {
            "name": "#get",
            "method": "GET",
            "return": "ProductItem",
            "params": [
                {
                    "name": "catalog_id",
                    "required": false,
                    "type": "string"
                },
                {
                    "name": "image_height",
                    "required": false,
                    "type": "unsigned int"
                },
                {
                    "name": "image_width",
                    "required": false,
                    "type": "unsigned int"
                },
                {
                    "name": "override_country",
                    "required": false,
                    "type": "string"
                },
                {
                    "name": "override_language",
                    "required": false,
                    "type": "string"
                }
            ]
        },
        {
            "name": "#update",
            "method": "POST",
            "return": "ProductItem",
            "params": [
                {
                    "name": "additional_image_urls",
                    "required": false,
                    "type": "list<string>"
                },
                {
                    "name": "additional_uploaded_image_ids",
                    "required": false,
                    "type": "list<string>"
                },
                {
                    "name": "additional_variant_attributes",
                    "required": false,
                    "type": "map"
                },
                {
                    "name": "android_app_name",
                    "required": false,
                    "type": "string"
                },
                {
                    "name": "android_class",
                    "required": false,
                    "type": "string"
                },
                {
                    "name": "android_package",
                    "required": false,
                    "type": "string"
                },
                {
                    "name": "android_url",
                    "required": false,
                    "type": "string"
                },
                {
                    "name": "availability",
                    "required": false,
                    "type": "productitem_availability"
                },
                {
                    "name": "brand",
                    "required": false,
                    "type": "string"
                },
                {
                    "name": "category",
                    "required": false,
                    "type": "string"
                },
                {
                    "name": "category_specific_fields",
                    "required": false,
                    "type": "map"
                },
                {
                    "name": "checkout_url",
                    "required": false,
                    "type": "string"
                },
                {
                    "name": "color",
                    "required": false,
                    "type": "string"
                },
                {
                    "name": "commerce_tax_category",
                    "required": false,
                    "type": "productitem_commerce_tax_category"
                },
                {
                    "name": "condition",
                    "required": false,
                    "type": "productitem_condition"
                },
                {
                    "name": "currency",
                    "required": false,
                    "type": "string"
                },
                {
                    "name": "custom_data",
                    "required": false,
                    "type": "map"
                },
                {
                    "name": "custom_label_0",
                    "required": false,
                    "type": "string"
                },
                {
                    "name": "custom_label_1",
                    "required": false,
                    "type": "string"
                },
                {
                    "name": "custom_label_2",
                    "required": false,
                    "type": "string"
                },
                {
                    "name": "custom_label_3",
                    "required": false,
                    "type": "string"
                },
                {
                    "name": "custom_label_4",
                    "required": false,
                    "type": "string"
                },
                {
                    "name": "custom_number_0",
                    "required": false,
                    "type": "unsigned int"
                },
                {
                    "name": "custom_number_1",
                    "required": false,
                    "type": "unsigned int"
                },
                {
                    "name": "custom_number_2",
                    "required": false,
                    "type": "unsigned int"
                },
                {
                    "name": "custom_number_3",
                    "required": false,
                    "type": "unsigned int"
                },
                {
                    "name": "custom_number_4",
                    "required": false,
                    "type": "unsigned int"
                },
                {
                    "name": "description",
                    "required": false,
                    "type": "string"
                },
                {
                    "name": "expiration_date",
                    "required": false,
                    "type": "string"
                },
                {
                    "name": "fb_product_category",
                    "required": false,
                    "type": "string"
                },
                {
                    "name": "gender",
                    "required": false,
                    "type": "productitem_gender"
                },
                {
                    "name": "gtin",
                    "required": false,
                    "type": "string"
                },
                {
                    "name": "image_url",
                    "required": false,
                    "type": "string"
                },
                {
                    "name": "importer_address",
                    "required": false,
                    "type": "map"
                },
                {
                    "name": "importer_name",
                    "required": false,
                    "type": "string"
                },
                {
                    "name": "inventory",
                    "required": false,
                    "type": "unsigned int"
                },
                {
                    "name": "ios_app_name",
                    "required": false,
                    "type": "string"
                },
                {
                    "name": "ios_app_store_id",
                    "required": false,
                    "type": "unsigned int"
                },
                {
                    "name": "ios_url",
                    "required": false,
                    "type": "string"
                },
                {
                    "name": "ipad_app_name",
                    "required": false,
                    "type": "string"
                },
                {
                    "name": "ipad_app_store_id",
                    "required": false,
                    "type": "unsigned int"
                },
                {
                    "name": "ipad_url",
                    "required": false,
                    "type": "string"
                },
                {
                    "name": "iphone_app_name",
                    "required": false,
                    "type": "string"
                },
                {
                    "name": "iphone_app_store_id",
                    "required": false,
                    "type": "unsigned int"
                },
                {
                    "name": "iphone_url",
                    "required": false,
                    "type": "string"
                },
                {
                    "name": "launch_date",
                    "required": false,
                    "type": "string"
                },
                {
                    "name": "manufacturer_info",
                    "required": false,
                    "type": "string"
                },
                {
                    "name": "manufacturer_part_number",
                    "required": false,
                    "type": "string"
                },
                {
                    "name": "marked_for_product_launch",
                    "required": false,
                    "type": "productitem_marked_for_product_launch"
                },
                {
                    "name": "material",
                    "required": false,
                    "type": "string"
                },
                {
                    "name": "mobile_link",
                    "required": false,
                    "type": "string"
                },
                {
                    "name": "name",
                    "required": false,
                    "type": "string"
                },
                {
                    "name": "ordering_index",
                    "required": false,
                    "type": "unsigned int"
                },
                {
                    "name": "origin_country",
                    "required": false,
                    "type": "productitem_origin_country"
                },
                {
                    "name": "pattern",
                    "required": false,
                    "type": "string"
                },
                {
                    "name": "price",
                    "required": false,
                    "type": "unsigned int"
                },
                {
                    "name": "product_type",
                    "required": false,
                    "type": "string"
                },
                {
                    "name": "quantity_to_sell_on_facebook",
                    "required": false,
                    "type": "unsigned int"
                },
                {
                    "name": "retailer_id",
                    "required": false,
                    "type": "string"
                },
                {
                    "name": "return_policy_days",
                    "required": false,
                    "type": "unsigned int"
                },
                {
                    "name": "sale_price",
                    "required": false,
                    "type": "unsigned int"
                },
                {
                    "name": "sale_price_end_date",
                    "required": false,
                    "type": "datetime"
                },
                {
                    "name": "sale_price_start_date",
                    "required": false,
                    "type": "datetime"
                },
                {
                    "name": "short_description",
                    "required": false,
                    "type": "string"
                },
                {
                    "name": "size",
                    "required": false,
                    "type": "string"
                },
                {
                    "name": "start_date",
                    "required": false,
                    "type": "string"
                },
                {
                    "name": "url",
                    "required": false,
                    "type": "string"
                },
                {
                    "name": "visibility",
                    "required": false,
                    "type": "productitem_visibility"
                },
                {
                    "name": "wa_compliance_category",
                    "required": false,
                    "type": "productitem_wa_compliance_category"
                },
                {
                    "name": "windows_phone_app_id",
                    "required": false,
                    "type": "string"
                },
                {
                    "name": "windows_phone_app_name",
                    "required": false,
                    "type": "string"
                },
                {
                    "name": "windows_phone_url",
                    "required": false,
                    "type": "string"
                }
            ]
        }
    ],
    "fields": [
        {
            "name": "additional_image_cdn_urls",
            "type": "list<list<map<string, string>>>"
        },
        {
            "name": "additional_image_urls",
            "type": "list<string>"
        },
        {
            "name": "additional_variant_attributes",
            "type": "list<map<string, string>>"
        },
        {
            "name": "age_group",
            "type": "ProductItem_age_group"
        },
        {
            "name": "applinks",
            "type": "CatalogItemAppLinks"
        },
        {
            "name": "availability",
            "type": "ProductItem_availability"
        },
        {
            "name": "brand",
            "type": "string"
        },
        {
            "name": "capability_to_review_status",
            "type": "list<map<Object, Object>>"
        },
        {
            "name": "category",
            "type": "string"
        },
        {
            "name": "category_specific_fields",
            "type": "CatalogSubVerticalList"
        },
        {
            "name": "color",
            "type": "string"
        },
        {
            "name": "commerce_insights",
            "type": "ProductItemCommerceInsights"
        },
        {
            "name": "condition",
            "type": "ProductItem_condition"
        },
        {
            "name": "currency",
            "type": "string"
        },
        {
            "name": "custom_data",
            "type": "list<map<string, string>>"
        },
        {
            "name": "custom_label_0",
            "type": "string"
        },
        {
            "name": "custom_label_1",
            "type": "string"
        },
        {
            "name": "custom_label_2",
            "type": "string"
        },
        {
            "name": "custom_label_3",
            "type": "string"
        },
        {
            "name": "custom_label_4",
            "type": "string"
        },
        {
            "name": "custom_number_0",
            "type": "string"
        },
        {
            "name": "custom_number_1",
            "type": "string"
        },
        {
            "name": "custom_number_2",
            "type": "string"
        },
        {
            "name": "custom_number_3",
            "type": "string"
        },
        {
            "name": "custom_number_4",
            "type": "string"
        },
        {
            "name": "description",
            "type": "string"
        },
        {
            "name": "errors",
            "type": "list<ProductItemError>"
        },
        {
            "name": "expiration_date",
            "type": "string"
        },
        {
            "name": "fb_product_category",
            "type": "string"
        },
        {
            "name": "gender",
            "type": "ProductItem_gender"
        },
        {
            "name": "gtin",
            "type": "string"
        },
        {
            "name": "id",
            "type": "string"
        },
        {
            "name": "image_cdn_urls",
            "type": "list<map<string, string>>"
        },
        {
            "name": "image_fetch_status",
            "type": "ProductItem_image_fetch_status"
        },
        {
            "name": "image_url",
            "type": "string"
        },
        {
            "name": "images",
            "type": "list<string>"
        },
        {
            "name": "importer_address",
            "type": "ProductItemImporterAddress"
        },
        {
            "name": "importer_name",
            "type": "string"
        },
        {
            "name": "invalidation_errors",
            "type": "list<Object>"
        },
        {
            "name": "inventory",
            "type": "int"
        },
        {
            "name": "manufacturer_info",
            "type": "string"
        },
        {
            "name": "manufacturer_part_number",
            "type": "string"
        },
        {
            "name": "marked_for_product_launch",
            "type": "string"
        },
        {
            "name": "material",
            "type": "string"
        },
        {
            "name": "mobile_link",
            "type": "string"
        },
        {
            "name": "name",
            "type": "string"
        },
        {
            "name": "ordering_index",
            "type": "int"
        },
        {
            "name": "origin_country",
            "type": "string"
        },
        {
            "name": "parent_product_id",
            "type": "string"
        },
        {
            "name": "pattern",
            "type": "string"
        },
        {
            "name": "post_conversion_signal_based_enforcement_appeal_eligibility",
            "type": "bool"
        },
        {
            "name": "price",
            "type": "string"
        },
        {
            "name": "product_catalog",
            "type": "ProductCatalog"
        },
        {
            "name": "product_feed",
            "type": "ProductFeed"
        },
        {
            "name": "product_group",
            "type": "ProductGroup"
        },
        {
            "name": "product_local_info",
            "type": "ProductItemLocalInfo"
        },
        {
            "name": "product_type",
            "type": "string"
        },
        {
            "name": "quantity_to_sell_on_facebook",
            "type": "int"
        },
        {
            "name": "retailer_id",
            "type": "string"
        },
        {
            "name": "retailer_product_group_id",
            "type": "string"
        },
        {
            "name": "review_rejection_reasons",
            "type": "list<string>"
        },
        {
            "name": "review_status",
            "type": "ProductItem_review_status"
        },
        {
            "name": "sale_price",
            "type": "string"
        },
        {
            "name": "sale_price_end_date",
            "type": "string"
        },
        {
            "name": "sale_price_start_date",
            "type": "string"
        },
        {
            "name": "shipping_weight_unit",
            "type": "ProductItem_shipping_weight_unit"
        },
        {
            "name": "shipping_weight_value",
            "type": "float"
        },
        {
            "name": "short_description",
            "type": "string"
        },
        {
            "name": "size",
            "type": "string"
        },
        {
            "name": "start_date",
            "type": "string"
        },
        {
            "name": "tags",
            "type": "list<string>"
        },
        {
            "name": "url",
            "type": "string"
        },
        {
            "name": "video_fetch_status",
            "type": "ProductItem_video_fetch_status"
        },
        {
            "name": "visibility",
            "type": "ProductItem_visibility"
        },
        {
            "name": "wa_compliance_category",
            "type": "string"
        }
    ]
}
