{
    "apis": [],
    "fields": [
        {
            "name": "created_time",
            "type": "datetime"
        },
        {
            "name": "has_rating",
            "type": "bool"
        },
        {
            "name": "has_review",
            "type": "bool"
        },
        {
            "name": "open_graph_story",
            "type": "Object"
        },
        {
            "name": "rating",
            "type": "int"
        },
        {
            "name": "recommendation_type",
            "type": "string"
        },
        {
            "name": "review_text",
            "type": "string"
        },
        {
            "name": "reviewer",
            "type": "User"
        }
    ]
}
