{
    "apis": [
        {
            "method": "GET",
            "endpoint": "comments",
            "return": "Comment",
            "params": [
                {
                    "name": "filter",
                    "required": false,
                    "type": "rtbdynamicpostcomments_filter_enum_param"
                },
                {
                    "name": "live_filter",
                    "required": false,
                    "type": "rtbdynamicpostcomments_live_filter_enum_param"
                },
                {
                    "name": "order",
                    "required": false,
                    "type": "rtbdynamicpostcomments_order_enum_param"
                },
                {
                    "name": "since",
                    "required": false,
                    "type": "datetime"
                }
            ]
        },
        {
            "method": "GET",
            "endpoint": "likes",
            "return": "Profile",
            "params": []
        },
        {
            "name": "#get",
            "method": "GET",
            "return": "RTBDynamicPost",
            "params": []
        }
    ],
    "fields": [
        {
            "name": "child_attachments",
            "type": "list<DynamicPostChildAttachment>"
        },
        {
            "name": "created",
            "type": "datetime"
        },
        {
            "name": "description",
            "type": "string"
        },
        {
            "name": "id",
            "type": "string"
        },
        {
            "name": "image_url",
            "type": "string"
        },
        {
            "name": "link",
            "type": "string"
        },
        {
            "name": "message",
            "type": "string"
        },
        {
            "name": "owner_id",
            "type": "string"
        },
        {
            "name": "place_id",
            "type": "string"
        },
        {
            "name": "product_id",
            "type": "string"
        },
        {
            "name": "title",
            "type": "string"
        }
    ]
}
