{
    "apis": [
        {
            "name": "#get",
            "method": "GET",
            "return": "SavedAudience",
            "params": []
        }
    ],
    "fields": [
        {
            "name": "account",
            "type": "AdAccount"
        },
        {
            "name": "approximate_count_lower_bound",
            "type": "int"
        },
        {
            "name": "approximate_count_upper_bound",
            "type": "int"
        },
        {
            "name": "delete_time",
            "type": "int"
        },
        {
            "name": "description",
            "type": "string"
        },
        {
            "name": "id",
            "type": "string"
        },
        {
            "name": "name",
            "type": "string"
        },
        {
            "name": "operation_status",
            "type": "CustomAudienceStatus"
        },
        {
            "name": "owner_business",
            "type": "Business"
        },
        {
            "name": "page_deletion_marked_delete_time",
            "type": "int"
        },
        {
            "name": "permission_for_actions",
            "type": "AudiencePermissionForActions"
        },
        {
            "name": "run_status",
            "type": "string"
        },
        {
            "name": "sentence_lines",
            "type": "list"
        },
        {
            "name": "targeting",
            "type": "Targeting"
        },
        {
            "name": "time_created",
            "type": "datetime"
        },
        {
            "name": "time_updated",
            "type": "datetime"
        }
    ]
}
