{
    "apis": [
        {
            "method": "GET",
            "endpoint": "augmented_realities_metadata",
            "return": "DynamicARMetadata",
            "params": []
        },
        {
            "method": "GET",
            "endpoint": "channels_to_integrity_status",
            "return": "CatalogItemChannelsToIntegrityStatus",
            "params": []
        },
        {
            "method": "GET",
            "endpoint": "videos_metadata",
            "return": "DynamicVideoMetadata",
            "params": []
        },
        {
            "name": "#get",
            "method": "GET",
            "return": "VehicleOffer",
            "params": []
        }
    ],
    "fields": [
        {
            "name": "amount_currency",
            "type": "string"
        },
        {
            "name": "amount_percentage",
            "type": "float"
        },
        {
            "name": "amount_price",
            "type": "string"
        },
        {
            "name": "amount_qualifier",
            "type": "string"
        },
        {
            "name": "applinks",
            "type": "CatalogItemAppLinks"
        },
        {
            "name": "availability",
            "type": "string"
        },
        {
            "name": "body_style",
            "type": "string"
        },
        {
            "name": "cashback_currency",
            "type": "string"
        },
        {
            "name": "cashback_price",
            "type": "string"
        },
        {
            "name": "category_specific_fields",
            "type": "CatalogSubVerticalList"
        },
        {
            "name": "currency",
            "type": "string"
        },
        {
            "name": "dma_codes",
            "type": "list<string>"
        },
        {
            "name": "downpayment_currency",
            "type": "string"
        },
        {
            "name": "downpayment_price",
            "type": "string"
        },
        {
            "name": "downpayment_qualifier",
            "type": "string"
        },
        {
            "name": "drivetrain",
            "type": "string"
        },
        {
            "name": "end_date",
            "type": "string"
        },
        {
            "name": "end_time",
            "type": "int"
        },
        {
            "name": "exterior_color",
            "type": "string"
        },
        {
            "name": "fuel_type",
            "type": "string"
        },
        {
            "name": "generation",
            "type": "string"
        },
        {
            "name": "id",
            "type": "string"
        },
        {
            "name": "image_fetch_status",
            "type": "VehicleOffer_image_fetch_status"
        },
        {
            "name": "images",
            "type": "list<string>"
        },
        {
            "name": "interior_color",
            "type": "string"
        },
        {
            "name": "interior_upholstery",
            "type": "string"
        },
        {
            "name": "make",
            "type": "string"
        },
        {
            "name": "model",
            "type": "string"
        },
        {
            "name": "offer_description",
            "type": "string"
        },
        {
            "name": "offer_disclaimer",
            "type": "string"
        },
        {
            "name": "offer_type",
            "type": "string"
        },
        {
            "name": "price",
            "type": "string"
        },
        {
            "name": "sanitized_images",
            "type": "list<string>"
        },
        {
            "name": "start_date",
            "type": "string"
        },
        {
            "name": "start_time",
            "type": "int"
        },
        {
            "name": "term_length",
            "type": "unsigned int"
        },
        {
            "name": "term_qualifier",
            "type": "string"
        },
        {
            "name": "title",
            "type": "string"
        },
        {
            "name": "transmission",
            "type": "string"
        },
        {
            "name": "trim",
            "type": "string"
        },
        {
            "name": "unit_price",
            "type": "Object"
        },
        {
            "name": "url",
            "type": "string"
        },
        {
            "name": "vehicle_offer_id",
            "type": "string"
        },
        {
            "name": "visibility",
            "type": "VehicleOffer_visibility"
        },
        {
            "name": "year",
            "type": "int"
        }
    ]
}
